pid,name,album_name,artist_name,duration_ms,track_name
241,Tegan and Sara,Back In Your Head - The Complete Collection,Tegan and Sara,425306,Back In Your Head - Morgan Page Remix
241,Tegan and Sara,In The Air,Morgan Page,232426,Carry Me
241,Tegan and Sara,If It Was You,Tegan and Sara,205840,Terrible Storm
241,Tegan and Sara,If It Was You,Tegan and Sara,104400,And Darling [This Thing That Breaks My Heart]
241,Tegan and Sara,If It Was You,Tegan and Sara,232733,Want To Be Bad
241,Tegan and Sara,If It Was You,Tegan and Sara,272360,Don't Confess
241,Tegan and Sara,In The Air,Morgan Page,263200,Video (feat. Tegan and Sara)
241,Tegan and Sara,Love Type Thing,Tegan and Sara,109640,Love Type Thing
241,Tegan and Sara,Sainthood,Tegan and Sara,186666,Arrow
241,Tegan and Sara,Sainthood,Tegan and Sara,162000,Don't Rush
255,Christmas Mix,New Coat of Paint -- Waits Tribute,Neko Case,221333,Back In Your Head - Morgan Page Remix
255,Christmas Mix,Merry Christmas,The Jackson 5,143773,Carry Me
255,Christmas Mix,Christmas Greetings From Nashville,Glen Campbell,164600,White Christmas
255,Christmas Mix,Det är inte snön som faller,Anders F. Rönnblom,255866,Det är inte snön som faller
255,Christmas Mix,Fox Confessor Brings The Flood,Neko Case,245736,John Saw That Number
255,Christmas Mix,American Folk Songs for Christmas,The Seeger Sisters,73600,The Angel Band
255,Christmas Mix,Funny Christmas Songs,The Humorist,117813,O' Holy Night (Erik Cartman)
255,Christmas Mix,The Platinum Collection,The Darkness,210413,Christmas Time (Don't Let The Bells End)
255,Christmas Mix,I'm Not There (Music From The Motion Picture),Sufjan Stevens,379506,Ring Them Bells
255,Christmas Mix,Holidays Rule,Calexico,239040,Green Grows The Holly
765,Tangled,Tangled,Mandy Moore,152333,"When Will My Life Begin - From ""Tangled""/Soundtrack Version"
765,Tangled,Disney's Greatest Volume 1,Bill Lee,287093,Cruella De Vil - Soundtrack
765,Tangled,Aladdin,Bruce Adler,79293,Arabian Nights
765,Tangled,Aladdin,Brad Kane,61360,One Jump Ahead (Reprise)
100239,chill,Catch & Release,Matt Simons,240466,Catch & Release
100239,chill,Hotel Cabana,Naughty Boy,222200,La La La
100239,chill,Tourist History,Two Door Cinema Club,191400,What You Know
100239,chill,Room For Squares,John Mayer,249626,Your Body Is a Wonderland
100239,chill,Swim,Cape Cub,160631,Swim - RAMI Remix
100239,chill,In Return,ODESZA,160000,Sun Models
100239,chill,Writing's On The Wall,Sam Smith,278987,Writing's On The Wall
100239,chill,American Teen,Khalid,228600,8TEEN
100239,chill,More Life,Drake,298940,Passionfruit
100239,chill,Strange Trails,Lord Huron,208211,The Night We Met
100432,Writing Music,karakusa,TOSHIKI HAYASHI(%C),163636,hours
100432,Writing Music,City Summer,Dyalla,111856,Could You?
100432,Writing Music,Beat Batch 2016,mt. fujitive,70243,Home
100432,Writing Music,Life,Jinsang,84365,Genesis
100432,Writing Music,99.9%,KAYTRANADA,133346,BUS RIDE
100432,Writing Music,Smoke Signals,Walterwarm,78139,Mountain Top
100432,Writing Music,Little Pear,Joey Pecoraro,130666,Warm
100432,Writing Music,Harbor,Tomppabeats,51187,The Girl Next Door
100432,Writing Music,Tôzen,Gyvus,170666,Tôzen
100432,Writing Music,Fresh Squeezed,Limes,142727,Jovial
100432,Writing Music,Life,Jinsang,95144,Untold
100432,Writing Music,osho,Nohidea,139684,sincerely  yours
100432,Writing Music,Her,eery,123219,Her
100432,Writing Music,We Can't Be Friends,Dream Koala,208451,We Can't Be Friends
100432,Writing Music,La Caffetteria,o k h o,95142,Long Espresso
100432,Writing Music,Chillhop Raw Cuts,The Deli,132000,Breeze
100432,Writing Music,rainy evening ep,Idealism,108000,controlla
100432,Writing Music,Study Guide,Freddie Joachim,156106,Shoulder Kiss
100606,Alesana,The Decade EP,Alesana,145626,Praeludium
100606,Alesana,The Decade EP,Alesana,192893,Double or Nothing
100606,Alesana,The Decade EP,Alesana,293346,Ravenous
100606,Alesana,The Decade EP,Alesana,214773,Deja Vu All Over Again
100606,Alesana,A Place Where The Sun Is Silent,Alesana,276946,Welcome To The Vanity Faire
100606,Alesana,A Place Where The Sun Is Silent,Alesana,96853,The Wanderer
100606,Alesana,A Place Where The Sun Is Silent,Alesana,274800,A Gilded Masquerade
100606,Alesana,A Place Where The Sun Is Silent,Alesana,334786,The Best Laid Plans Of Mice And Marionettes
100606,Alesana,A Place Where The Sun Is Silent,Alesana,222813,And Now For The Final Illusion
100606,Alesana,On Frail Wings Of Vanity And Wax,Alesana,60133,Icarus
100606,Alesana,On Frail Wings Of Vanity And Wax,Alesana,185333,Ambrosia
100606,Alesana,On Frail Wings Of Vanity And Wax,Alesana,240493,Pathetic  Ordinary
100819,Dance!,Fiesta,Arturo Márquez,586053,Danzón No.2 - Live At Centro de Acción Social por la Música  Sala Simón Bolivar  Caracas / 2008
100819,Dance!,Fiesta,Leonard Bernstein,148413,"""West Side Story"" - Symphonic Dances: 4. Mambo - Live At Centro de Acción Social por la Música  Sala Simón Bolivar  Caracas / 2008"
100819,Dance!,Tchaikovsky: Symphony No.5; Francesca da Rimini,Pyotr Ilyich Tchaikovsky,376773,Symphony No.5 In E Minor  Op.64  TH.29: 3. Valse (Allegro moderato) - Live
100819,Dance!,Fiesta,Alberto Ginastera,204560,Estancia / Danzas del Ballet: 4. Danza final (Malambo) - Live At Centro de Acción Social por la Música  Sala Simón Bolivar  Caracas / 2008
100819,Dance!,Tchaikovsky: Symphony No.5; Francesca da Rimini,Pyotr Ilyich Tchaikovsky,67920,Nutcracker Suite  Op.71a  TH.35: 2c. Danse russe Trépak (Tempo di Trépak  molto vivace)
100819,Dance!,Fiesta,Arturo Márquez,293173,Conga del Fuego
100819,Dance!,Mahler 9,Gustav Mahler,984626,Symphony No.9 in D: 2. Im Tempo eines gemächlichen Ländlers. Etwas täppisch und sehr derb - - Live From Walt Disney Concert Hall  Los Angeles / 2012
100819,Dance!,Dances And Waves Schoenbrunn 2012 Summer Night Concert,Amilcare Ponchielli,597946,La Gioconda: Danza Delle Ore - Live at Schloss Schönbrunn
100819,Dance!,"""Rite"" - Stravinsky: Le Sacre du printemps; Revueltas: La noche de los mayas",Igor Stravinsky,260226,Le Sacre du Printemps / Part 2: The Sacrifice: Sacrificial Dance (The Chosen One)
100819,Dance!,Fiesta,Evencio Castellanos,975702,Santa Cruz de Pacairigua (Suite Sinfónica) - Live At Centro de Acción Social por la Música  Sala Simón Bolivar  Caracas / 2008
100928,this must be the place. ,When I Woke,Rusted Root,327160,Back To The Earth
100928,this must be the place. ,When I Woke,Rusted Root,302266,Ecstasy
100928,this must be the place. ,When I Woke,Rusted Root,266800,Martyr
100928,this must be the place. ,Upper Air,Bowerbirds,174000,Northern Lights
100928,this must be the place. ,Babel,Mumford & Sons,276720,I Will Wait
100928,this must be the place. ,Led Zeppelin,Led Zeppelin,282426,I Can't Quit You Baby
100928,this must be the place. ,The Band,The Band,274893,Up On Cripple Creek - 2000 - Remaster
100928,this must be the place. ,Nashville Skyline,Bob Dylan,220400,Girl from the North Country
100928,this must be the place. ,No Direction Home: Bootleg Volume 7 (Movie Soundtrack),Bob Dylan,278026,Dink's Song
100928,this must be the place. ,I'm Wide Awake  It's Morning,Bright Eyes,188800,First Day Of My Life
100928,this must be the place. ,Mermaid Avenue,Billy Bragg,298533,California Stars
100928,this must be the place. ,Blonde On Blonde,Bob Dylan,185200,I Want You
100928,this must be the place. ,The Way We Move,The Law,261560,On the Attack
100928,this must be the place. ,Tourist [Remastered],St Germain,416565,Rose Rouge
100928,this must be the place. ,Rarities,Ane Brun,124853,All My Tears
100928,this must be the place. ,Here,Edward Sharpe & The Magnetic Zeros,259079,Man On Fire
100928,this must be the place. ,Ghost Stories,Coldplay,285014,Magic
100928,this must be the place. ,Ongiara,Great Lake Swimmers,216453,Your Rocky Spine
100928,this must be the place. ,Diana Ross Presents The Jackson 5,The Jackson 5,235640,Who's Lovin' You
100928,this must be the place. ,Muchacho,Phosphorescent,370200,Song For Zula
100928,this must be the place. ,Up from Below,Edward Sharpe & The Magnetic Zeros,233586,40 Day Dream
100928,this must be the place. ,Mars,Sinkane,150360,Warm Spell
100928,this must be the place. ,Gimme Fiction,Spoon,212026,I Turn My Camera On
100928,this must be the place. ,Poverty's Paradise,Naughty By Nature,212560,Feel Me Flow
100928,this must be the place. ,Every Night,Walker Lukens,174735,Every Night
100934,Regaeton,N.O.R.E. Y La Familia,N.O.R.E.,240973,Oye Mi Canto
100934,Regaeton,El Fenomeno,Arcangel,214120,Pa' Que La Pases Bien
100934,Regaeton,Los Cotizados,Baby Rasta & Gringo,201900,Me Niegas
100934,Regaeton,Puro Reggaeton Urbano,Golpe a Golpe,205440,Estar Enamorado
100934,Regaeton,Pierdo la Cabeza,Zion & Lennox,222066,Pierdo la Cabeza
100934,Regaeton,Energía,Fuego,246840,35 Pa Las 12
100934,Regaeton,Me Rehúso,Danny Ocean,205714,Me Rehúso
100934,Regaeton,Reggaeton Old School,Reggaetones,272300,Ella Y Yo
100934,Regaeton,Caraluna,Bacilos,266160,Caraluna
100934,Regaeton,Pa' Otro La 'o,ChiChi Peralta,272666,Procura
100934,Regaeton,Te vas,Litus Castro,197247,Te Vas
100934,Regaeton,Di Que Sí,L'Omy,260547,Di Que Sí
100934,Regaeton,La Cómplice,Alexis y Fido,205679,La Cómplice
100934,Regaeton,Tu Y Yo (feat. Zaja & Hudson),Chriss Romero,210930,Tu Y Yo (feat. Zaja & Hudson)
100934,Regaeton,El Chisme (feat. J Alvarez & Kevin Roldan),Reykon,227157,El Chisme (feat. J Alvarez & Kevin Roldan) - Remix
100934,Regaeton,Tu Mejor Error (Remix),Luigi 21 Plus,311133,Tu Mejor Error (Remix)
100934,Regaeton,Qué Gano Olvidándote,Reik,246853,Qué Gano Olvidándote - Versión Urbana
100934,Regaeton,Amigos y Enemigos,Noriel,295304,Amigos y Enemigos - Remix
100934,Regaeton,Diles,Farruko,279276,Diles (feat. Arcangel  Nengo Flow  Dj Luian & Mambo Kings)
100934,Regaeton,La Familia,J Balvin,227080,Sola
100934,Regaeton,Cuatro Babys,Maluma,278106,Cuatro Babys
100934,Regaeton,Fórmula  Vol. 2 (Deluxe Edition),Romeo Santos,225000,Odio
100934,Regaeton,Una Novela,Lenny Tavárez,303543,Una Novela
